[
  {
    "name": "Amsterdam",
    "fallback": "cursive",
    "tags": [
      "script"
    ]
  },
  {
    "name": "Barcelona",
    "fallback": "cursive",
    "tags": [
      "script"
    ]
  },
  {
    "name": "Boston",
    "fallback": "sans-serif",
    "tags": [
      "sans"
    ]
  },
  {
    "name": "BuenosAires",
    "fallback": "sans-serif",
    "tags": [
      "sans"
    ]
  },
  {
    "name": "Chicago",
    "fallback": "cursive",
    "tags": [
      "display"
    ]
  },
  {
    "name": "LosAngeles",
    "fallback": "cursive",
    "tags": [
      "display"
    ]
  },
  {
    "name": "Manchester",
    "fallback": "cursive",
    "tags": [
      "display"
    ]
  },
  {
    "name": "Manhattan",
    "fallback": "sans-serif",
    "tags": [
      "sans"
    ]
  },
  {
    "name": "Melbourne",
    "fallback": "serif",
    "tags": [
      "serif"
    ]
  },
  {
    "name": "MexicoCity",
    "fallback": "cursive",
    "tags": [
      "script"
    ]
  },
  {
    "name": "Montreal",
    "fallback": "sans-serif",
    "tags": [
      "sans"
    ]
  },
  {
    "name": "NewYork",
    "fallback": "cursive",
    "tags": [
      "display"
    ]
  },
  {
    "name": "Paris",
    "fallback": "cursive",
    "tags": [
      "script"
    ]
  },
  {
    "name": "PortoRiko",
    "fallback": "cursive",
    "tags": [
      "script"
    ]
  },
  {
    "name": "Prague",
    "fallback": "cursive",
    "tags": [
      "script"
    ]
  },
  {
    "name": "Sydney",
    "fallback": "cursive",
    "tags": [
      "script"
    ]
  },
  {
    "name": "Tokyo",
    "fallback": "cursive",
    "tags": [
      "display"
    ]
  }
]